{
  "project_info": {
    "project_number": "411772581140",
    "firebase_url": "https://fir-auth-8be0d-default-rtdb.firebaseio.com",
    "project_id": "fir-auth-8be0d",
    "storage_bucket": "fir-auth-8be0d.appspot.com"
  },
  "client": [
    {
      "client_info": {
        "mobilesdk_app_id": "1:411772581140:android:3f75b78423fc0a3f473e01",
        "android_client_info": {
          "package_name": "com.example.wordwire"
        }
      },
      "oauth_client": [],
      "api_key": [
        {
          "current_key": "AIzaSyBW_CkHtIxKgx5bHPKEotYPo5jXZq-Yfgg"
        }
      ],
      "services": {
        "appinvite_service": {
          "other_platform_oauth_client": []
        }
      }
    }
  ],
  "configuration_version": "1"
}